Ligand_name,Status
Z1869968513,SUCCESS
Z2433586090,SUCCESS
Z8795960121,SUCCESS
Z7375097728,SUCCESS
Z395748828,SUCCESS
Z7705549560,SUCCESS
Z8786606202,SUCCESS
Z6741337910,SUCCESS
Z3839243211,SUCCESS
Z8928620923,SUCCESS
Z2913044338,SUCCESS
Z9193183014,SUCCESS
Z8795960114,SUCCESS
Z3494943044,SUCCESS
Z8783554096,SUCCESS
Z8783554096,SUCCESS
Z9897293598,SUCCESS
Z6739491508,SUCCESS
Z6260543383,SUCCESS
Z9704515233,SUCCESS
Z9311586122,SUCCESS
Z5534043515,SUCCESS
Z8795960115,SUCCESS
Z4168734787,SUCCESS
Z4168734787,SUCCESS
Z3347596309,SUCCESS
Z9029396187,SUCCESS
Z9725227593,SUCCESS
Z6480536750,SUCCESS
Z2240546658,SUCCESS
Z2240546658,SUCCESS
Z2240546658,SUCCESS
Z2991046002,SUCCESS
Z5431985545,SUCCESS
Z7798152595,SUCCESS
Z5431985950,SUCCESS
Z6739948363,SUCCESS
Z6704781071,SUCCESS
Z3388447647,SUCCESS
Z9250955118,SUCCESS
Z9216327189,SUCCESS
Z5431985565,SUCCESS
Z9358991874,SUCCESS
Z6739545521,SUCCESS
Z9731018009,SUCCESS
Z8921443495,SUCCESS
Z5431985531,SUCCESS
Z5298127222,SUCCESS
Z6739785617,SUCCESS
Z3776181025,SUCCESS
Z8822821852,SUCCESS
Z6642744268,SUCCESS
Z6739990057,SUCCESS
Z3610704616,SUCCESS
Z5431985525,SUCCESS
Z4001462175,SUCCESS
Z9795985588,SUCCESS
Z2763451259,SUCCESS
Z1443688945,SUCCESS
Z7233106389,SUCCESS
Z6739688122,SUCCESS
Z5408307207,SUCCESS
Z6476365891,SUCCESS
Z9102034460,SUCCESS
Z928645666,SUCCESS
Z8795960128,SUCCESS
Z9311586199,SUCCESS
Z6739708215,SUCCESS
Z9193182993,SUCCESS
Z9120065080,SUCCESS
Z8756212995,SUCCESS
Z816348404,SUCCESS
Z2897161096,SUCCESS
Z9241051518,SUCCESS
Z8353661049,SUCCESS
Z8353661049,SUCCESS
Z2607647813,SUCCESS
Z4378829370,SUCCESS
Z8624531871,SUCCESS
Z9311586090,SUCCESS
Z3494945777,SUCCESS
Z9816993170,SUCCESS
Z145782130,SUCCESS
Z1603688304,SUCCESS
Z9159451995,SUCCESS
Z3494952213,SUCCESS
Z9148348876,SUCCESS
Z5516154831,SUCCESS
Z6739639380,SUCCESS
Z1603617021,SUCCESS
Z3775968296,SUCCESS
Z9816993179,SUCCESS
Z9816993179,SUCCESS
Z9299015546,SUCCESS
Z9966711785,SUCCESS
Z9966711785,SUCCESS
Z9314607830,SUCCESS
Z9353829125,SUCCESS
Z9299017854,SUCCESS
Z3337863955,SUCCESS
Z2581568776,SUCCESS
Z6795651759,SUCCESS
Z4209200590,SUCCESS
Z224341280,SUCCESS
Z8879001706,SUCCESS
Z2581531959,SUCCESS
Z4322674640,SUCCESS
Z5431985699,SUCCESS
Z4322674640,SUCCESS
Z651226536,SUCCESS
Z2581547138,SUCCESS
Z5431986380,SUCCESS
Z56792506,SUCCESS
Z2897160421,SUCCESS
Z9959114634,SUCCESS
Z3346990873,SUCCESS
Z9399564796,SUCCESS
Z9403734170,SUCCESS
Z8783554160,SUCCESS
Z8994240273,SUCCESS
Z9764943135,SUCCESS
Z9193183085,SUCCESS
Z8354559308,SUCCESS
Z3790334929,SUCCESS
Z7572969885,SUCCESS
Z9586500419,SUCCESS
Z5431985644,SUCCESS
Z8822821841,SUCCESS
Z2581571415,SUCCESS
Z6739668678,SUCCESS
Z8822821884,SUCCESS
Z9887979093,SUCCESS
Z9241051650,SUCCESS
Z8795960108,SUCCESS
Z7997035411,SUCCESS
Z6711833285,SUCCESS
Z1352361777,SUCCESS
Z1352361777,SUCCESS
Z3815810608,SUCCESS
Z1352361777,SUCCESS
Z9424704040,SUCCESS
Z9047888388,SUCCESS
Z2897160686,SUCCESS
Z4422819986,SUCCESS
Z2656055697,SUCCESS
Z9047888388,SUCCESS
Z8474198180,SUCCESS
Z9219649182,SUCCESS
Z6739608116,SUCCESS
Z8999150454,SUCCESS
Z2983456022,SUCCESS
Z9883903756,SUCCESS
Z1444968987,SUCCESS
Z2353577836,SUCCESS
Z8795960130,SUCCESS
Z3493097781,SUCCESS
Z8976335723,SUCCESS
Z2466065046,SUCCESS
Z9560748155,SUCCESS
Z8776667437,SUCCESS
Z8795960120,SUCCESS
Z6964476483,SUCCESS
Z1814452237,SUCCESS
Z8771525631,SUCCESS
Z8355373113,SUCCESS
Z9913449754,SUCCESS
Z164735698,SUCCESS
Z3839486901,SUCCESS
Z6739834078,SUCCESS
Z7918279726,SUCCESS
Z2466046601,SUCCESS
Z8368625354,SUCCESS
Z5431986547,SUCCESS
Z9882477252,SUCCESS
Z6739546853,SUCCESS
Z6739832145,SUCCESS
Z9186293745,SUCCESS
Z9990955254,SUCCESS
Z9269853217,SUCCESS
Z2905379596,SUCCESS
Z7911634406,SUCCESS
Z960079300,SUCCESS
Z7400969002,SUCCESS
Z8999108116,SUCCESS
Z6739805002,SUCCESS
Z3243986891,SUCCESS
Z3839449511,SUCCESS
Z4032298791,SUCCESS
Z8976324918,SUCCESS
Z4032298791,SUCCESS
Z6739601747,SUCCESS
Z8976324918,SUCCESS
Z5636660757,SUCCESS
Z6739547378,SUCCESS
Z5604374585,SUCCESS
Z8189624558,SUCCESS
Z9359764300,SUCCESS
Z9922826973,SUCCESS
Z9830198249,SUCCESS
Z445520066,SUCCESS
Z9128121742,SUCCESS
Z3508585395,SUCCESS
Z9492662181,SUCCESS
Z2010790225,SUCCESS
Z8795960125,SUCCESS
Z8795960109,SUCCESS
Z6741318441,SUCCESS
Z9094502975,SUCCESS
Z1801583799,SUCCESS
Z7889733575,SUCCESS
Z1750575451,SUCCESS
Z8771525606,SUCCESS
Z8976176372,SUCCESS
Z3999772774,SUCCESS
Z9988499174,SUCCESS
Z5227641867,SUCCESS
Z3999772774,SUCCESS
Z9887239682,SUCCESS
Z4378962964,SUCCESS
Z5431991404,SUCCESS
Z9164346229,SUCCESS
Z85877857,SUCCESS
Z9720117176,SUCCESS
Z290054708,SUCCESS
Z1869913684,SUCCESS
Z9698696365,SUCCESS
Z1891004429,SUCCESS
Z9592086377,SUCCESS
Z5366249423,SUCCESS
Z9253168649,SUCCESS
Z1889253267,SUCCESS
Z2967872724,SUCCESS
Z9352685048,SUCCESS
Z6739903611,SUCCESS
Z5431985614,SUCCESS
Z1645370052,SUCCESS
Z8822821836,SUCCESS
Z9030553436,SUCCESS
Z9358991827,SUCCESS
Z2911744902,SUCCESS
Z1462678261,SUCCESS
Z9599415608,SUCCESS
Z7662042119,SUCCESS
Z9339632958,SUCCESS
Z1521649028,SUCCESS
Z9071705209,SUCCESS
Z9898743446,SUCCESS
Z9269645924,SUCCESS
Z2755633185,SUCCESS
Z9898743446,SUCCESS
Z9071705209,SUCCESS
Z8784712819,SUCCESS
Z8945688102,SUCCESS
Z8945688102,SUCCESS
Z9751675234,SUCCESS
Z9423989546,SUCCESS
Z3337907755,SUCCESS
Z2637311367,SUCCESS
Z6592958448,SUCCESS
Z8436034266,SUCCESS
Z9839430076,SUCCESS
Z1762660462,SUCCESS
Z9299008872,SUCCESS
Z6739727726,SUCCESS
Z7134994374,SUCCESS
Z8692587085,SUCCESS
Z8955443790,SUCCESS
Z2595722869,SUCCESS
Z9667173427,SUCCESS
Z1672283310,SUCCESS
Z3347853939,SUCCESS
Z9185123503,SUCCESS
Z9193183009,SUCCESS
Z2999149641,SUCCESS
Z1445187194,SUCCESS
Z1744475548,SUCCESS
Z9929964365,SUCCESS
Z9476208738,SUCCESS
Z9476208738,SUCCESS
Z8795960123,SUCCESS
Z1815311228,SUCCESS
Z6313975566,SUCCESS
Z1643913219,SUCCESS
Z1260706137,SUCCESS
Z7918279733,SUCCESS
Z1726220536,SUCCESS
Z4414614491,SUCCESS
Z9719903265,SUCCESS
Z9061724586,SUCCESS
Z1603616508,SUCCESS
Z1522161236,SUCCESS
Z1522161236,SUCCESS
Z1869968328,SUCCESS
Z9031719237,SUCCESS
Z8984259912,SUCCESS
Z9424304981,SUCCESS
Z9317904859,SUCCESS
Z9295281695,SUCCESS
Z1603607801,SUCCESS
Z4381137742,SUCCESS
Z9549840705,SUCCESS
Z1762655879,SUCCESS
Z9359784419,SUCCESS
Z4385664995,SUCCESS
Z1983614398,SUCCESS
Z6667744465,SUCCESS
Z5431985814,SUCCESS
Z9245487979,SUCCESS
Z5861861762,SUCCESS
Z7157401613,SUCCESS
Z9061356471,SUCCESS
Z9061356471,SUCCESS
Z9830198246,SUCCESS
Z2003590251,SUCCESS
Z6781282792,SUCCESS
Z1609632372,SUCCESS
Z9193183074,SUCCESS
Z2983201109,SUCCESS
Z8796798135,SUCCESS
Z6973984438,SUCCESS
Z2771056986,SUCCESS
Z9712724192,SUCCESS
Z5163449988,SUCCESS
Z1870154772,SUCCESS
Z1506319989,SUCCESS
Z9217777386,SUCCESS
Z3510154872,SUCCESS
Z8909802229,SUCCESS
Z9271467488,SUCCESS
Z6795711489,SUCCESS
Z8995720024,SUCCESS
Z1991669400,SUCCESS
Z5408240614,SUCCESS
Z9898419145,SUCCESS
Z7706249727,SUCCESS
Z8927860001,SUCCESS
Z7529816301,SUCCESS
Z2616511050,SUCCESS
Z9816076016,SUCCESS
Z3405720978,SUCCESS
Z7529816301,SUCCESS
Z3247466551,SUCCESS
Z1651022721,SUCCESS
Z7143192859,SUCCESS
Z9193183007,SUCCESS
Z8034648389,SUCCESS
Z9466035315,SUCCESS
Z9354137948,SUCCESS
Z2523765236,SUCCESS
Z5410776925,SUCCESS
Z9049962107,SUCCESS
Z9675273600,SUCCESS
Z5431993647,SUCCESS
Z9518450112,SUCCESS
Z7845373413,SUCCESS
Z9238963797,SUCCESS
Z2523765236,SUCCESS
Z9466032726,SUCCESS
Z8822821849,SUCCESS
Z8979761631,SUCCESS
Z9718041949,SUCCESS
Z9164346032,SUCCESS
Z9255353014,SUCCESS
Z9193183016,SUCCESS
Z9988499172,SUCCESS
Z3009600399,SUCCESS
Z8871863347,SUCCESS
Z8899347080,SUCCESS
Z2361864594,SUCCESS
Z3346990964,SUCCESS
Z2217527262,SUCCESS
Z9061823016,SUCCESS
Z9756007316,SUCCESS
Z7371477392,SUCCESS
Z8776116939,SUCCESS
Z6739441937,SUCCESS
Z5614321488,SUCCESS
Z9110161489,SUCCESS
Z4176216653,SUCCESS
Z9255353672,SUCCESS
Z1146677467,SUCCESS
Z1559367779,SUCCESS
Z9324097941,SUCCESS
Z9593948054,SUCCESS
Z8189611576,SUCCESS
Z4067824406,SUCCESS
Z8807611233,SUCCESS
Z2994236894,SUCCESS
Z960081786,SUCCESS
Z1780746253,SUCCESS
Z3642631624,SUCCESS
Z9159451996,SUCCESS
Z6739536049,SUCCESS
Z8505473793,SUCCESS
Z9269647879,SUCCESS
Z2581531991,SUCCESS
Z9062089980,SUCCESS
Z3497839328,SUCCESS
Z8587950236,SUCCESS
Z9070273914,SUCCESS
Z3838445366,SUCCESS
Z1444970710,SUCCESS
Z9241052590,SUCCESS
Z9038790100,SUCCESS
Z9740260572,SUCCESS
Z1444970710,SUCCESS
Z2310091969,SUCCESS
Z9147149643,SUCCESS
Z2041652045,SUCCESS
Z9061730679,SUCCESS
Z9178496294,SUCCESS
Z9227977816,SUCCESS
Z224135148,SUCCESS
Z9897309869,SUCCESS
Z9245488166,SUCCESS
Z3297643564,SUCCESS
Z9897309869,SUCCESS
Z9312349792,SUCCESS
Z1725555471,SUCCESS
Z7264161786,SUCCESS
Z9235765498,SUCCESS
Z9324097923,SUCCESS
Z5182397409,SUCCESS
Z365116100,SUCCESS
Z8789239061,SUCCESS
Z8343312073,SUCCESS
Z3775968255,SUCCESS
Z7934075566,SUCCESS
Z1824133136,SUCCESS
Z5182397409,SUCCESS
Z3610676530,SUCCESS
Z7934075566,SUCCESS
Z9385077959,SUCCESS
Z5182397409,SUCCESS
Z9196150421,SUCCESS
Z9988499175,SUCCESS
Z1603357655,SUCCESS
Z7918279719,SUCCESS
Z9193182893,SUCCESS
Z9485263072,SUCCESS
Z1603558797,SUCCESS
Z2764139309,SUCCESS
Z8984267107,SUCCESS
Z1908533139,SUCCESS
Z8796798136,SUCCESS
Z6781248920,SUCCESS
Z8005446020,SUCCESS
Z8005446020,SUCCESS
Z9665986798,SUCCESS
Z9488429595,SUCCESS
Z2972202799,SUCCESS
Z7133964338,SUCCESS
Z9990955255,SUCCESS
Z8993830419,SUCCESS
Z9193183033,SUCCESS
Z2910593881,SUCCESS
Z2755344440,SUCCESS
Z5033312650,SUCCESS
Z290054370,SUCCESS
Z1762655050,SUCCESS
Z6739918479,SUCCESS
Z8333807217,SUCCESS
Z5033312650,SUCCESS
Z1762655050,SUCCESS
Z9118181233,SUCCESS
Z1642820218,SUCCESS
Z8657671734,SUCCESS
Z9128121736,SUCCESS
Z2897160553,SUCCESS
Z2763806281,SUCCESS
Z9750290715,SUCCESS
Z3600574557,SUCCESS
Z9662656047,SUCCESS
Z8795960126,SUCCESS
Z6741317082,SUCCESS
Z6615016031,SUCCESS
Z3204122151,SUCCESS
Z8254738224,SUCCESS
Z8761955158,SUCCESS
Z9126218532,SUCCESS
Z9255331422,SUCCESS
Z8120132676,SUCCESS
Z6739870234,SUCCESS
Z5408255266,SUCCESS
Z6099470895,SUCCESS
Z6973988806,SUCCESS
Z1276023166,SUCCESS
Z3204122151,SUCCESS
Z3075502496,SUCCESS
Z9731018174,SUCCESS
Z6781228477,SUCCESS
Z4378962611,SUCCESS
Z7759440377,SUCCESS
Z9241051558,SUCCESS
Z9128121753,SUCCESS
Z7759440377,SUCCESS
Z2991024119,SUCCESS
Z2763749969,SUCCESS
Z6711830979,SUCCESS
Z4087088408,SUCCESS
Z9984295334,SUCCESS
Z6711830979,SUCCESS
Z6739569245,SUCCESS
Z4002537516,SUCCESS
Z9751675259,SUCCESS
Z8949727628,SUCCESS
Z3587954524,SUCCESS
Z2912910120,SUCCESS
Z1165343919,SUCCESS
Z9312345092,SUCCESS
Z8781421175,SUCCESS
Z466924146,SUCCESS
Z2755643392,SUCCESS
Z7707329859,SUCCESS
Z816253800,SUCCESS
Z1762660923,SUCCESS
Z1762943047,SUCCESS
Z1642843671,SUCCESS
Z6739714610,SUCCESS
Z2967991045,SUCCESS
Z8367872809,SUCCESS
Z8437112793,SUCCESS
Z6039483016,SUCCESS
Z9577098435,SUCCESS
Z9128122050,SUCCESS
Z4935661097,SUCCESS
Z1870114447,SUCCESS
Z8254744621,SUCCESS
Z3256652424,SUCCESS
Z3509971428,SUCCESS
Z9058373033,SUCCESS
Z8740135232,SUCCESS
Z9179508789,SUCCESS
Z9569556916,SUCCESS
Z1343270428,SUCCESS
Z85910177,SUCCESS
Z2026307875,SUCCESS
Z9870414361,SUCCESS
Z9698696267,SUCCESS
Z9750290683,SUCCESS
Z1762658978,SUCCESS
Z2897264237,SUCCESS
Z4249865597,SUCCESS
Z9094594855,SUCCESS
Z111688816,SUCCESS
Z9883604224,SUCCESS
Z5592336368,SUCCESS
Z4576493086,SUCCESS
Z9298195851,SUCCESS
Z4574155511,SUCCESS
Z8821244409,SUCCESS
Z466923004,SUCCESS
Z9350137692,SUCCESS
Z111688816,SUCCESS
Z2493136425,SUCCESS
Z8795960110,SUCCESS
Z9338041317,SUCCESS
Z8795960112,SUCCESS
Z3347605140,SUCCESS
Z9313683004,SUCCESS
Z6974004844,SUCCESS
Z9930849033,SUCCESS
Z9670592745,SUCCESS
Z8567046247,SUCCESS
Z8795960134,SUCCESS
Z7133964211,SUCCESS
Z7133964211,SUCCESS
Z9397467458,SUCCESS
Z8761955263,SUCCESS
Z8795960117,SUCCESS
Z9163233365,SUCCESS
Z9925099412,SUCCESS
Z9488177324,SUCCESS
Z3716469152,SUCCESS
Z391965056,SUCCESS
Z3831700387,SUCCESS
Z8761955263,SUCCESS
Z9241053338,SUCCESS
Z6476396988,SUCCESS
Z9925099412,SUCCESS
Z9218217024,SUCCESS
Z1444971011,SUCCESS
Z8856498647,SUCCESS
Z9324097903,SUCCESS
Z9943660962,SUCCESS
Z6480520449,SUCCESS
Z9155967585,SUCCESS
Z8999150604,SUCCESS
Z9063646013,SUCCESS
Z9698683473,SUCCESS
Z6480520449,SUCCESS
Z3505412708,SUCCESS
Z7832053951,SUCCESS
Z9130773596,SUCCESS
Z8802298505,SUCCESS
Z6781292668,SUCCESS
Z7060032650,SUCCESS
Z9908130574,SUCCESS
Z5179474103,SUCCESS
Z7991097542,SUCCESS
Z8928348698,SUCCESS
Z8865665169,SUCCESS
Z8661382476,SUCCESS
Z7923216195,SUCCESS
Z9349016359,SUCCESS
Z9595535154,SUCCESS
Z8865667561,SUCCESS
Z3391131839,SUCCESS
Z9659492224,SUCCESS
Z1840400633,SUCCESS
Z8381857016,SUCCESS
Z9086347719,SUCCESS
Z7055153048,SUCCESS
Z9306336571,SUCCESS
Z9352686735,SUCCESS
Z3839371150,SUCCESS
Z8493470436,SUCCESS
Z9147149664,SUCCESS
Z9061998663,SUCCESS
Z1445281074,SUCCESS
Z9332585963,SUCCESS
Z9214061842,SUCCESS
Z3339275141,SUCCESS
Z1642656490,SUCCESS
Z9532550493,SUCCESS
Z1609499666,SUCCESS
Z8763365850,SUCCESS
Z8763365850,SUCCESS
Z3255923123,SUCCESS
Z9066872081,SUCCESS
Z57541651,SUCCESS
Z1411668677,SUCCESS
Z9751674913,SUCCESS
Z1411668677,SUCCESS
Z9187552341,SUCCESS
Z3638977007,SUCCESS
Z8975652405,SUCCESS
Z9219102781,SUCCESS
Z6739863826,SUCCESS
Z8876224300,SUCCESS
Z6739819627,SUCCESS
Z2091201621,SUCCESS
Z7316956610,SUCCESS
Z9432512124,SUCCESS
Z6313970403,SUCCESS
Z9179508343,SUCCESS
Z1869967341,SUCCESS
Z9187395782,SUCCESS
Z49584853,SUCCESS
Z9698696340,SUCCESS
Z9560311543,SUCCESS
Z1634929974,SUCCESS
Z9147149646,SUCCESS
Z5341476959,SUCCESS
Z9913731816,SUCCESS
Z637708684,SUCCESS
Z9358983184,SUCCESS
Z2581555539,SUCCESS
Z9566773839,SUCCESS
Z774284110,SUCCESS
Z9358992080,SUCCESS
Z1444973676,SUCCESS
Z6265045411,SUCCESS
Z8843499807,SUCCESS
Z4378959432,SUCCESS
Z9665923304,SUCCESS
Z8319380444,SUCCESS
Z9358992350,SUCCESS
Z7887647388,SUCCESS
Z9403336502,SUCCESS
Z9747404691,SUCCESS
Z8761955172,SUCCESS
Z9358992350,SUCCESS
Z1376220907,SUCCESS
Z1845884472,SUCCESS
Z1984537730,SUCCESS
Z4425533296,SUCCESS
Z1603450181,SUCCESS
Z2581558948,SUCCESS
Z5217990556,SUCCESS
Z236100642,SUCCESS
Z8781390904,SUCCESS
Z3493482300,SUCCESS
Z9698696273,SUCCESS
Z9494324268,SUCCESS
Z2723093443,SUCCESS
Z9667173188,SUCCESS
Z929481642,SUCCESS
Z9989099104,SUCCESS
Z2482036369,SUCCESS
Z1970325841,SUCCESS
Z8110783746,SUCCESS
Z940508238,SUCCESS
Z6084790822,SUCCESS
Z9082165659,SUCCESS
Z7626037058,SUCCESS
Z9193183129,SUCCESS
Z9148348504,SUCCESS
Z8795960127,SUCCESS
Z1488605076,SUCCESS
Z9599415483,SUCCESS
Z9454634661,SUCCESS
Z2054862324,SUCCESS
Z8863187365,SUCCESS
Z1762656563,SUCCESS
Z2708953991,SUCCESS
Z2913124109,SUCCESS
Z9476201902,SUCCESS
Z9231513211,SUCCESS
Z2913124109,SUCCESS
Z2771757643,SUCCESS
Z2609523098,SUCCESS
Z9066852778,SUCCESS
Z9343209340,SUCCESS
Z8999145674,SUCCESS
Z9102451645,SUCCESS
Z9304323362,SUCCESS
Z2755265091,SUCCESS
Z1635312442,SUCCESS
Z9061722933,SUCCESS
Z9101584233,SUCCESS
Z3547927172,SUCCESS
Z9485262535,SUCCESS
Z9269647878,SUCCESS
Z4576492666,SUCCESS
Z3999755697,SUCCESS
Z8825843486,SUCCESS
Z9573397261,SUCCESS
Z6845480539,SUCCESS
Z6974009775,SUCCESS
Z9481941448,SUCCESS
Z9573397261,SUCCESS
Z9481941448,SUCCESS
Z3500975301,SUCCESS
Z8795960116,SUCCESS
Z3600618930,SUCCESS
Z9518450464,SUCCESS
Z6615181852,SUCCESS
Z8824552263,SUCCESS
Z9314580702,SUCCESS
Z2294475564,SUCCESS
Z8761955131,SUCCESS
Z8869603804,SUCCESS
Z9353828421,SUCCESS
Z4466541286,SUCCESS
Z9128121751,SUCCESS
Z940505912,SUCCESS
Z9540225583,SUCCESS
Z733989302,SUCCESS
Z9231513177,SUCCESS
Z1264361779,SUCCESS
Z3866720840,SUCCESS
Z9680031264,SUCCESS
Z8571453274,SUCCESS
Z2446319963,SUCCESS
Z4134076060,SUCCESS
Z4610651469,SUCCESS
Z8034648384,SUCCESS
Z5179731044,SUCCESS
Z7188290852,SUCCESS
Z9230971338,SUCCESS
Z6696867393,SUCCESS
Z9092827579,SUCCESS
Z9092827579,SUCCESS
Z9554058866,SUCCESS
Z8034648688,SUCCESS
Z7995209285,SUCCESS
Z3255923077,SUCCESS
Z7070914534,SUCCESS
Z1785836638,SUCCESS
Z2439256998,SUCCESS
Z5224647522,SUCCESS
Z1700009871,SUCCESS
Z9217600220,SUCCESS
Z5410832455,SUCCESS
Z2581555427,SUCCESS
Z4444729622,SUCCESS
Z9619187520,SUCCESS
Z9085213756,SUCCESS
Z9984479723,SUCCESS
Z9882510693,SUCCESS
Z2437592319,SUCCESS
Z2595723392,SUCCESS
Z9256029273,SUCCESS
Z9077809821,SUCCESS
Z4009208240,SUCCESS
Z7081067375,SUCCESS
Z3347638358,SUCCESS
Z2916091211,SUCCESS
Z2581555427,SUCCESS
Z4444729622,SUCCESS
Z1997447063,SUCCESS
Z8556142639,SUCCESS
Z9432512602,SUCCESS
Z8525324340,SUCCESS
Z2407269874,SUCCESS
Z9751675057,SUCCESS
Z9062082195,SUCCESS
Z4079378008,SUCCESS
Z9946774741,SUCCESS
Z3493083508,SUCCESS
Z9946774741,SUCCESS
Z9946774741,SUCCESS
Z1497348410,SUCCESS
Z7705550199,SUCCESS
Z1455721455,SUCCESS
Z7946624046,SUCCESS
Z4312896151,SUCCESS
Z9599415506,SUCCESS
Z9731018011,SUCCESS
Z7705550199,SUCCESS
Z6665043085,SUCCESS
Z8004438461,SUCCESS
Z9066871695,SUCCESS
Z9931711111,SUCCESS
Z9974046129,SUCCESS
Z6739964197,SUCCESS
Z8999152120,SUCCESS
Z3337907465,SUCCESS
Z8999137659,SUCCESS
Z7371455801,SUCCESS
Z9680031342,SUCCESS
Z4405691613,SUCCESS
Z9931711111,SUCCESS
Z8712215717,SUCCESS
Z9186213994,SUCCESS
Z2802092050,SUCCESS
Z6142609813,SUCCESS
Z29050758,SUCCESS
Z1762659386,SUCCESS
Z8363116448,SUCCESS
Z9931711111,SUCCESS
Z1444209425,SUCCESS
Z6585033334,SUCCESS
Z3570266438,SUCCESS
Z2581568621,SUCCESS
Z8695231245,SUCCESS
Z4071426342,SUCCESS
Z9217487089,SUCCESS
Z9069638073,SUCCESS
Z6741343215,SUCCESS
Z4312892119,SUCCESS
Z8716696883,SUCCESS
Z8976177009,SUCCESS
Z2206333025,SUCCESS
Z1555912729,SUCCESS
Z8480587309,SUCCESS
Z8480587309,SUCCESS
Z6739527684,SUCCESS
Z9822138036,SUCCESS
Z8189768976,SUCCESS
Z3808542606,SUCCESS
Z9086224865,SUCCESS
Z9675746569,SUCCESS
Z605720006,SUCCESS
Z1348402137,SUCCESS
Z4153218661,SUCCESS
Z3507304124,SUCCESS
Z804132174,SUCCESS
Z7991096024,SUCCESS
Z8753997896,SUCCESS
Z8753997896,SUCCESS
Z9159452020,SUCCESS
Z9731016584,SUCCESS
Z2353393640,SUCCESS
Z3347605082,SUCCESS
Z9573597489,SUCCESS
Z3831714135,SUCCESS
Z1762658631,SUCCESS
Z5189021025,SUCCESS
Z2292007160,SUCCESS
Z9062085796,SUCCESS
Z1762658631,SUCCESS
Z1744468712,SUCCESS
Z9061896663,SUCCESS
Z7037918342,SUCCESS
Z2792805419,SUCCESS
Z9240184300,SUCCESS
Z4305777291,SUCCESS
Z9854736663,SUCCESS
Z9327948392,SUCCESS
Z2169334416,SUCCESS
Z7662187558,SUCCESS
Z9667173184,SUCCESS
Z8781415912,SUCCESS
Z8984248855,SUCCESS
Z6476401156,SUCCESS
Z6313975590,SUCCESS
Z9062083741,SUCCESS
Z9078810906,SUCCESS
Z9466013744,SUCCESS
Z9148348450,SUCCESS
Z1869543632,SUCCESS
Z8975500722,SUCCESS
Z9597557423,SUCCESS
Z9255356609,SUCCESS
Z9929964349,SUCCESS
Z2467017831,SUCCESS
Z9241054378,SUCCESS
Z6964644847,SUCCESS
Z5215943644,SUCCESS
Z6255006140,SUCCESS
Z5431985562,SUCCESS
Z2169334416,SUCCESS
Z1603605967,SUCCESS
Z1147519254,SUCCESS
Z3226334157,SUCCESS
Z6739710632,SUCCESS
Z6974016140,SUCCESS
Z1263827007,SUCCESS
Z9990970254,SUCCESS
Z6739559321,SUCCESS
Z3773900444,SUCCESS
Z9218996063,SUCCESS
Z9256224330,SUCCESS
Z9070742512,SUCCESS
Z9091588524,SUCCESS
Z1684354677,SUCCESS
Z2144320145,SUCCESS
Z6690209957,SUCCESS
Z2040559488,SUCCESS
Z4378829395,SUCCESS
Z6313970048,SUCCESS
Z9062105708,SUCCESS
Z3892921820,SUCCESS
Z2144320145,SUCCESS
Z9815977632,SUCCESS
Z8773300714,SUCCESS
Z8909802326,SUCCESS
Z3288931566,SUCCESS
Z9823253175,SUCCESS
Z3092861078,SUCCESS
Z4906883634,SUCCESS
Z8864650141,SUCCESS
Z1212839580,SUCCESS
Z9852025852,SUCCESS
Z3831706616,SUCCESS
Z9669256181,SUCCESS
Z8771525623,SUCCESS
Z4151937105,SUCCESS
Z9236798067,SUCCESS
Z8984267110,SUCCESS
Z3547935676,SUCCESS
Z8978439021,SUCCESS
Z9314607547,SUCCESS
Z9458594169,SUCCESS
Z8319373589,SUCCESS
Z4076365176,SUCCESS
Z2057217255,SUCCESS
Z9419105753,SUCCESS
Z6742611731,SUCCESS
Z3999475173,SUCCESS
Z8773060309,SUCCESS
Z9609123104,SUCCESS
Z9094569290,SUCCESS
Z2026326897,SUCCESS
Z2057217255,SUCCESS
Z9254533079,SUCCESS
Z4571772469,SUCCESS
Z5341469287,SUCCESS
Z9254971894,SUCCESS
Z9577114900,SUCCESS
Z6480520313,SUCCESS
Z9062089231,SUCCESS
Z8773060309,SUCCESS
Z1444940539,SUCCESS
Z9124291221,SUCCESS
Z9653710684,SUCCESS
Z8781434244,SUCCESS
Z9062083510,SUCCESS
Z5530855927,SUCCESS
Z2332310822,SUCCESS
Z1762660487,SUCCESS
Z9148348683,SUCCESS
Z9597229023,SUCCESS
Z1573682456,SUCCESS
Z8635255350,SUCCESS
Z2234881885,SUCCESS
Z1641150365,SUCCESS
Z3206232891,SUCCESS
Z9128121732,SUCCESS
Z9128121732,SUCCESS
Z6692166730,SUCCESS
Z3508690273,SUCCESS
Z8556142638,SUCCESS
Z3256646215,SUCCESS
Z7371467655,SUCCESS
Z9061818313,SUCCESS
Z7865700084,SUCCESS
Z1573682456,SUCCESS
Z8635255350,SUCCESS
Z4448541216,SUCCESS
Z8745695338,SUCCESS
Z3009614540,SUCCESS
Z2897264173,SUCCESS
Z9591742435,SUCCESS
Z9764864989,SUCCESS
Z9492987786,SUCCESS
Z8762813658,SUCCESS
Z9227972049,SUCCESS
Z9764864989,SUCCESS
Z9701432712,SUCCESS
Z7630430960,SUCCESS
Z8718572963,SUCCESS
Z9946774708,SUCCESS
Z8494924674,SUCCESS
Z8753315781,SUCCESS
Z8753315781,SUCCESS
Z8993830542,SUCCESS
Z7630430960,SUCCESS
Z3255923146,SUCCESS
Z9474461629,SUCCESS
Z6690208814,SUCCESS
Z9987032955,SUCCESS
Z2596716834,SUCCESS
Z8812465311,SUCCESS
Z4378882560,SUCCESS
Z4203027898,SUCCESS
Z9698696274,SUCCESS
Z8962388581,SUCCESS
Z9898351897,SUCCESS
Z4203027898,SUCCESS
Z2054894626,SUCCESS
Z8768689014,SUCCESS
Z4203027898,SUCCESS
Z9432778514,SUCCESS
Z3795951891,SUCCESS
Z9314580692,SUCCESS
Z1636550738,SUCCESS
Z8625399298,SUCCESS
Z9731016748,SUCCESS
Z9347870937,SUCCESS
Z4008738678,SUCCESS
Z9148161098,SUCCESS
Z1606978546,SUCCESS
Z394504678,SUCCESS
Z8949310548,SUCCESS
Z8999136529,SUCCESS
Z9758010494,SUCCESS
Z8405378067,SUCCESS
Z8535464464,SUCCESS
Z983482590,SUCCESS
Z9265754867,SUCCESS
Z3225676255,SUCCESS
Z9265754867,SUCCESS
Z9466011549,SUCCESS
Z7675092173,SUCCESS
Z6739737744,SUCCESS
Z9059001407,SUCCESS
Z9185154866,SUCCESS
Z9305666290,SUCCESS
Z8994956003,SUCCESS
Z8761955122,SUCCESS
Z9299029632,SUCCESS
Z8994956003,SUCCESS
Z3690512094,SUCCESS
Z6739771915,SUCCESS
Z9350133571,SUCCESS
Z6476383232,SUCCESS
Z9248344132,SUCCESS
Z8928743944,SUCCESS
Z9264608056,SUCCESS
Z8901993060,SUCCESS
Z8876290423,SUCCESS
Z1922588372,SUCCESS
Z6974010099,SUCCESS
Z1558944643,SUCCESS
Z3225676073,SUCCESS
Z1069709900,SUCCESS
Z9248344132,SUCCESS
Z8876290423,SUCCESS
Z9339636626,SUCCESS
Z9172145728,SUCCESS
Z9179509010,SUCCESS
Z4248366604,SUCCESS
Z1449307941,SUCCESS
Z2967863440,SUCCESS
Z3347911898,SUCCESS
Z9476191948,SUCCESS
Z8252408817,SUCCESS
Z8843497252,SUCCESS
Z6272332804,SUCCESS
Z9488180572,SUCCESS
Z9591823227,SUCCESS
Z1455080730,SUCCESS
Z3288956081,SUCCESS
Z9946774734,SUCCESS
Z9402234509,SUCCESS
Z9966711838,SUCCESS
Z8959076301,SUCCESS
Z7535569996,SUCCESS
Z1737038404,SUCCESS
Z1762942222,SUCCESS
Z2796700552,SUCCESS
Z2090686912,SUCCESS
Z4154531216,SUCCESS
Z9599091013,SUCCESS
Z8790312798,SUCCESS
Z9170214435,SUCCESS
Z4004692780,SUCCESS
Z3832891027,SUCCESS
Z8367745375,SUCCESS
Z9401379600,SUCCESS
Z5323311893,SUCCESS
Z9947272312,SUCCESS
Z9873817243,SUCCESS
Z1680108794,SUCCESS
Z7023938390,SUCCESS
Z8860638925,SUCCESS
Z7696624266,SUCCESS
Z9058373045,SUCCESS
Z4250783939,SUCCESS
Z6739880068,SUCCESS
Z1603617298,SUCCESS
Z8968626716,SUCCESS
Z9680810175,SUCCESS
Z8761955319,SUCCESS
Z9549839467,SUCCESS
Z2356855249,SUCCESS
Z9573597490,SUCCESS
Z2932063134,SUCCESS
Z57204270,SUCCESS
Z6739783927,SUCCESS
Z9359094424,SUCCESS
Z4346341628,SUCCESS
Z8721916793,SUCCESS
Z9751653273,SUCCESS
Z9192042143,SUCCESS
Z1185361329,SUCCESS
Z9255326830,SUCCESS
Z7588928736,SUCCESS
Z2991036932,SUCCESS
Z2991036932,SUCCESS
Z9070746801,SUCCESS
Z1869817108,SUCCESS
Z4960552045,SUCCESS
Z4074359845,SUCCESS
Z1165342819,SUCCESS
Z3343757568,SUCCESS
Z929771094,SUCCESS
Z9698696387,SUCCESS
Z8761955137,SUCCESS
Z4206427816,SUCCESS
Z9250524313,SUCCESS
Z8594889375,SUCCESS
Z4288216569,SUCCESS
Z7991790421,SUCCESS
Z1450942691,SUCCESS
Z9241053364,SUCCESS
Z952880100,SUCCESS
Z4288216569,SUCCESS
Z9155967590,SUCCESS
Z9109933480,SUCCESS
Z6974007259,SUCCESS
Z2707296219,SUCCESS
Z3493482270,SUCCESS
Z9731017817,SUCCESS
Z9196150901,SUCCESS
Z8367872814,SUCCESS
Z9147149647,SUCCESS
Z8449003497,SUCCESS
Z6739471707,SUCCESS
Z9805375570,SUCCESS
Z8449003497,SUCCESS
Z3569224366,SUCCESS
Z6964644891,SUCCESS
Z10000090118,SUCCESS
Z8381857114,SUCCESS
Z812848646,SUCCESS
Z6603983639,SUCCESS
Z9159452002,SUCCESS
Z1762647589,SUCCESS
Z8784713702,SUCCESS
Z2678539052,SUCCESS
Z1814454827,SUCCESS
Z9043873999,SUCCESS
Z3569224366,SUCCESS
Z5182207303,SUCCESS
Z7371570565,SUCCESS
Z1603619811,SUCCESS
Z91273908,SUCCESS
Z3898839722,SUCCESS
Z6739588451,SUCCESS
Z9299046146,SUCCESS
Z3898839722,SUCCESS
Z9148348633,SUCCESS
Z9154441981,SUCCESS
Z5008607260,SUCCESS
Z6480510838,SUCCESS
Z1780017573,SUCCESS
Z1183500939,SUCCESS
Z4416121044,SUCCESS
Z2898140212,SUCCESS
Z8802704673,SUCCESS
Z3547659947,SUCCESS
Z1613920599,SUCCESS
Z6741325129,SUCCESS
Z8525301406,SUCCESS
Z9061507195,SUCCESS
Z8999145564,SUCCESS
Z9238154122,SUCCESS
Z9304513773,SUCCESS
Z7591512694,SUCCESS
Z9535850671,SUCCESS
Z9984479698,SUCCESS
Z9110678252,SUCCESS
Z2188554733,SUCCESS
Z5738642902,SUCCESS
Z9553227216,SUCCESS
Z9723348535,SUCCESS
Z7487239887,SUCCESS
Z3009856753,SUCCESS
Z9673930388,SUCCESS
Z1193819806,SUCCESS
Z8976335383,SUCCESS
Z6851623797,SUCCESS
Z3774387470,SUCCESS
Z3774387470,SUCCESS
Z9192407174,SUCCESS
Z9466013566,SUCCESS
Z9921793686,SUCCESS
Z9353829003,SUCCESS
Z9128122195,SUCCESS
Z9730839219,SUCCESS
Z3326206588,SUCCESS
Z2174318526,SUCCESS
Z2697688774,SUCCESS
Z2626421932,SUCCESS
Z9065257632,SUCCESS
Z1684353950,SUCCESS
Z44358144,SUCCESS
Z9057740295,SUCCESS
Z9337635447,SUCCESS
Z3568807368,SUCCESS
Z3999757239,SUCCESS
Z9149216679,SUCCESS
Z9217601548,SUCCESS
Z9061732635,SUCCESS
Z9236806370,SUCCESS
Z8959286439,SUCCESS
Z9432511767,SUCCESS
Z1272802476,SUCCESS
Z8959286439,SUCCESS
Z9432511767,SUCCESS
Z1374968555,SUCCESS
Z3839293607,SUCCESS
Z1389499943,SUCCESS
Z8962292397,SUCCESS
Z1944141590,SUCCESS
Z64372385,SUCCESS
Z7863118040,SUCCESS
Z8761955128,SUCCESS
Z1463067884,SUCCESS
Z3547660679,SUCCESS
Z9695950992,SUCCESS
Z1147519000,SUCCESS
Z8829808999,SUCCESS
Z2991037181,SUCCESS
Z6664585795,SUCCESS
Z4378892620,SUCCESS
Z1686787041,SUCCESS
Z8761955128,SUCCESS
Z7967045849,SUCCESS
Z2897593316,SUCCESS
Z4577554472,SUCCESS
Z4578881518,SUCCESS
Z8752739723,SUCCESS
Z855771334,SUCCESS
Z9265843652,SUCCESS
Z4151756311,SUCCESS
Z9328201076,SUCCESS
Z3075443514,SUCCESS
Z9062095222,SUCCESS
Z2991037181,SUCCESS
Z6664585795,SUCCESS
Z9235873728,SUCCESS
Z1919860111,SUCCESS
Z8333354557,SUCCESS
Z8789182174,SUCCESS
Z9317908669,SUCCESS
Z768841448,SUCCESS
Z9731029255,SUCCESS
Z9323042733,SUCCESS
Z8173582948,SUCCESS
Z4378868917,SUCCESS
Z7609946986,SUCCESS
Z9299020370,SUCCESS
Z9988969091,SUCCESS
Z9328199299,SUCCESS
Z8761955130,SUCCESS
Z9339496998,SUCCESS
Z3547938010,SUCCESS
Z2282850835,SUCCESS
Z9402847464,SUCCESS
Z31097789,SUCCESS
Z9193183020,SUCCESS
Z1545236963,SUCCESS
Z9959793064,SUCCESS
Z7978029571,SUCCESS
Z1307838050,SUCCESS
Z9402847464,SUCCESS
Z4322681819,SUCCESS
Z9196145359,SUCCESS
Z929733352,SUCCESS
Z364283422,SUCCESS
Z2282850835,SUCCESS
Z1289858257,SUCCESS
Z5227647401,SUCCESS
Z3839229958,SUCCESS
Z8913454819,SUCCESS
Z6739509810,SUCCESS
Z3496066876,SUCCESS
Z9586337039,SUCCESS
Z1642405335,SUCCESS
Z1565369393,SUCCESS
Z9217445305,SUCCESS
Z1642405335,SUCCESS
Z2058128663,SUCCESS
Z9264586725,SUCCESS
Z929468302,SUCCESS
Z9311586410,SUCCESS
Z6619028304,SUCCESS
Z1382552047,SUCCESS
Z9898327164,SUCCESS
Z8355373066,SUCCESS
Z9249980046,SUCCESS
Z444206382,SUCCESS
Z54843526,SUCCESS
Z9719909013,SUCCESS
Z2460732653,SUCCESS
Z9458567453,SUCCESS
Z9530166095,SUCCESS
Z9441985991,SUCCESS
Z1513511155,SUCCESS
Z7098264664,SUCCESS
Z821547550,SUCCESS
Z1642405335,SUCCESS
Z1382552047,SUCCESS
Z821547550,SUCCESS
Z3811093942,SUCCESS
Z8890180433,SUCCESS
Z9569523172,SUCCESS
Z8787710025,SUCCESS
Z8779765422,SUCCESS
Z3508605866,SUCCESS
Z9248344260,SUCCESS
Z1560776481,SUCCESS
Z5271372612,SUCCESS
Z8793800490,SUCCESS
Z9657000045,SUCCESS
Z6313975606,SUCCESS
Z2387138487,SUCCESS
Z1762658639,SUCCESS
Z9703953114,SUCCESS
Z7991022466,SUCCESS
Z9178496504,SUCCESS
Z2698381381,SUCCESS
Z1851868449,SUCCESS
Z8779682415,SUCCESS
Z5287303028,SUCCESS
Z9839126275,SUCCESS
Z9078810907,SUCCESS
Z9731016986,SUCCESS
Z3508605866,SUCCESS
Z9702340560,SUCCESS
Z1463068388,SUCCESS
Z9531794507,SUCCESS
Z9179508616,SUCCESS
Z8876224165,SUCCESS
Z6568319809,SUCCESS
Z8781395191,SUCCESS
Z2999228527,SUCCESS
Z9227190953,SUCCESS
Z2985342804,SUCCESS
Z7375077540,SUCCESS
Z2967792513,SUCCESS
Z737673044,SUCCESS
Z8839545060,SUCCESS
Z4509613329,SUCCESS
Z8779765422,SUCCESS
Z3508605866,SUCCESS
Z2991036848,SUCCESS
Z9947273908,SUCCESS
Z9933549744,SUCCESS
Z9723658485,SUCCESS
Z9155967573,SUCCESS
Z195784050,SUCCESS
Z4929031649,SUCCESS
Z2610512538,SUCCESS
Z8740142103,SUCCESS
Z2795252275,SUCCESS
Z9058373169,SUCCESS
Z8771525867,SUCCESS
Z9371800234,SUCCESS
Z2212220988,SUCCESS
Z2991036848,SUCCESS
Z9296863470,SUCCESS
Z9558960365,SUCCESS
Z9660102322,SUCCESS
Z8400463219,SUCCESS
Z9588194504,SUCCESS
Z940505986,SUCCESS
Z3206233383,SUCCESS
Z7000494604,SUCCESS
Z8409075359,SUCCESS
Z5088569658,SUCCESS
Z4233983291,SUCCESS
Z5125860209,SUCCESS
Z4009183934,SUCCESS
Z8794162685,SUCCESS
Z3384530961,SUCCESS
Z1461137942,SUCCESS
Z9271443763,SUCCESS
Z6142611173,SUCCESS
Z9571782209,SUCCESS
Z9305666275,SUCCESS
Z1259470814,SUCCESS
Z7911632953,SUCCESS
Z9062067725,SUCCESS
Z9432513011,SUCCESS
Z9476205582,SUCCESS
Z4008218640,SUCCESS
Z9212623022,SUCCESS
Z7554082751,SUCCESS
Z2212459116,SUCCESS
Z9244242143,SUCCESS
Z9164346126,SUCCESS
Z9660102361,SUCCESS
Z1527372308,SUCCESS
Z1527372308,SUCCESS
Z8400474269,SUCCESS
Z9518450358,SUCCESS
Z8921960550,SUCCESS
Z8781394914,SUCCESS
Z9164346126,SUCCESS
Z9595535211,SUCCESS
Z1445493063,SUCCESS
Z1103642368,SUCCESS
Z2763395954,SUCCESS
Z768142246,SUCCESS
Z2253411021,SUCCESS
Z1730509409,SUCCESS
Z2763395954,SUCCESS
Z8403820987,SUCCESS
Z1537468361,SUCCESS
Z9856545156,SUCCESS
Z1730509409,SUCCESS
Z8023751750,SUCCESS
Z9898741908,SUCCESS
Z9061825412,SUCCESS
Z2588064760,SUCCESS
Z2684567901,SUCCESS
Z8999149275,SUCCESS
Z8189612402,SUCCESS
Z6983259264,SUCCESS
Z4069739667,SUCCESS
Z8781420219,SUCCESS
Z9889152233,SUCCESS
Z9751674575,SUCCESS
Z4254769377,SUCCESS
Z8913454818,SUCCESS
Z9502888974,SUCCESS
Z8112327958,SUCCESS
Z828342870,SUCCESS
Z2088949906,SUCCESS
Z9890266202,SUCCESS
Z9196434214,SUCCESS
Z1552005097,SUCCESS
Z8864996747,SUCCESS
Z3676666751,SUCCESS
Z4378827586,SUCCESS
Z5219129674,SUCCESS
Z1537196566,SUCCESS
Z9890266202,SUCCESS
Z3347898034,SUCCESS
Z9890266202,SUCCESS
Z2777630446,SUCCESS
Z9069638288,SUCCESS
Z8776657385,SUCCESS
Z1683120656,SUCCESS
Z5182041600,SUCCESS
Z4452536854,SUCCESS
Z9531827209,SUCCESS
Z8400464671,SUCCESS
Z7881866033,SUCCESS
Z6741341869,SUCCESS
Z2442136261,SUCCESS
Z1379266397,SUCCESS
Z5516154836,SUCCESS
Z3064949249,SUCCESS
Z317737068,SUCCESS
Z5039719729,SUCCESS
Z3570557977,SUCCESS
Z5865375159,SUCCESS
Z4430220956,SUCCESS
Z4208901862,SUCCESS
Z1780665022,SUCCESS
Z9094502972,SUCCESS
Z8400474294,SUCCESS
Z7662253398,SUCCESS
Z9660102278,SUCCESS
Z9577167581,SUCCESS
Z3647032327,SUCCESS
Z9539849653,SUCCESS
Z8289879554,SUCCESS
Z5523067004,SUCCESS
Z9168168791,SUCCESS
Z3497840488,SUCCESS
Z6619029854,SUCCESS
Z4211520236,SUCCESS
Z9061094744,SUCCESS
Z9048141797,SUCCESS
Z9178505810,SUCCESS
Z9295557487,SUCCESS
Z9680031353,SUCCESS
Z3817225757,SUCCESS
Z9066872503,SUCCESS
Z8776660670,SUCCESS
Z6289625733,SUCCESS
Z8914003551,SUCCESS
Z6739491876,SUCCESS
Z3293324775,SUCCESS
Z9701644604,SUCCESS
Z2771278179,SUCCESS
Z9305644177,SUCCESS
Z1488587558,SUCCESS
Z1624087241,SUCCESS
Z3561028811,SUCCESS
Z9919095938,SUCCESS
Z1271582187,SUCCESS
Z3808789487,SUCCESS
Z2763776727,SUCCESS
Z8789282472,SUCCESS
Z7442047740,SUCCESS
Z7662459902,SUCCESS
Z4248367193,SUCCESS
Z2099284079,SUCCESS
Z1841632981,SUCCESS
Z853477084,SUCCESS
Z9061996718,SUCCESS
Z9192403798,SUCCESS
Z2610513975,SUCCESS
Z9751655096,SUCCESS
Z6480527534,SUCCESS
Z9148348073,SUCCESS
Z1974319307,SUCCESS
Z7023442134,SUCCESS
Z8361624174,SUCCESS
Z9679690690,SUCCESS
Z2095642496,SUCCESS
Z3808542439,SUCCESS
Z8945096855,SUCCESS
Z2358764714,SUCCESS
Z5533402471,SUCCESS
Z1991842046,SUCCESS
Z8569758960,SUCCESS
Z6739724834,SUCCESS
Z9733442988,SUCCESS
Z9178634633,SUCCESS
Z166829854,SUCCESS
Z9679690690,SUCCESS
Z4084863494,SUCCESS
Z466655440,SUCCESS
Z8327602724,SUCCESS
Z7023442134,SUCCESS
Z963577518,SUCCESS
Z4472099808,SUCCESS
Z8361624174,SUCCESS
Z6739694989,SUCCESS
Z9359784421,SUCCESS
Z9251342902,SUCCESS
Z8781420022,SUCCESS
Z2581545446,SUCCESS
Z9065443584,SUCCESS
Z1018689556,SUCCESS
Z6781308324,SUCCESS
Z8776664740,SUCCESS
Z9248388637,SUCCESS
Z4510213072,SUCCESS
Z6739800211,SUCCESS
Z1908515567,SUCCESS
Z9756007321,SUCCESS
Z9466264330,SUCCESS
Z8984259922,SUCCESS
Z6739687977,SUCCESS
Z3256637758,SUCCESS
Z9254972141,SUCCESS
Z9998915836,SUCCESS
Z9172429994,SUCCESS
Z9062072941,SUCCESS
Z2312329932,SUCCESS
Z7705550629,SUCCESS
Z9402848473,SUCCESS
Z9710426792,SUCCESS
Z7693990673,SUCCESS
Z9230974427,SUCCESS
Z1919682578,SUCCESS
Z9667173540,SUCCESS
Z7705552373,SUCCESS
Z4044743363,SUCCESS
Z9660102197,SUCCESS
Z9747361020,SUCCESS
Z8243806373,SUCCESS
Z928642932,SUCCESS
Z8400476878,SUCCESS
Z5025628634,SUCCESS
Z9893874446,SUCCESS
Z3292377705,SUCCESS
Z9164505022,SUCCESS
Z537482328,SUCCESS
Z8789245635,SUCCESS
Z8789141947,SUCCESS
Z2026326085,SUCCESS
Z8034648526,SUCCESS
Z1455080001,SUCCESS
Z9061996403,SUCCESS
Z9845824128,SUCCESS
Z5216182959,SUCCESS
Z8999145472,SUCCESS
Z2026326085,SUCCESS
Z8994955932,SUCCESS
Z1433319826,SUCCESS
Z4510188084,SUCCESS
Z1869556453,SUCCESS
Z537482328,SUCCESS
Z8375058034,SUCCESS
Z9327723497,SUCCESS
Z9241377210,SUCCESS
Z5026048719,SUCCESS
Z2362218250,SUCCESS
Z9178427476,SUCCESS
Z8913454828,SUCCESS
Z4420872546,SUCCESS
Z2983528242,SUCCESS
Z2218991972,SUCCESS
Z9061770588,SUCCESS
Z7668116687,SUCCESS
Z8913454828,SUCCESS
Z653486256,SUCCESS
Z9497574897,SUCCESS
Z8812111452,SUCCESS
Z739478720,SUCCESS
Z3292377705,SUCCESS
Z8908569925,SUCCESS
Z5227642527,SUCCESS
Z9874356992,SUCCESS
Z1002354372,SUCCESS
Z3861101767,SUCCESS
Z9798743752,SUCCESS
Z9874388215,SUCCESS
Z1182667825,SUCCESS
Z3829169490,SUCCESS
Z4907223322,SUCCESS
Z6615019173,SUCCESS
Z9696265994,SUCCESS
Z4986294709,SUCCESS
Z1165342339,SUCCESS
Z4907223322,SUCCESS
Z9385075491,SUCCESS
Z1675398735,SUCCESS
Z7418768615,SUCCESS
Z423592560,SUCCESS
Z2482876336,SUCCESS
Z9919093452,SUCCESS
Z8494799026,SUCCESS
Z1898273355,SUCCESS
Z9919093452,SUCCESS
Z9219201647,SUCCESS
Z8506057799,SUCCESS
Z9394426540,SUCCESS
Z9394432899,SUCCESS
Z9424895844,SUCCESS
Z8304064280,SUCCESS
Z9931738041,SUCCESS
Z9147149648,SUCCESS
Z9986995373,SUCCESS
Z9679812720,SUCCESS
Z3346134780,SUCCESS
Z8998606145,SUCCESS
Z2723087106,SUCCESS
Z2917988910,SUCCESS
Z9089427184,SUCCESS
Z9518452995,SUCCESS
Z3603493769,SUCCESS
Z8644498383,SUCCESS
Z5636218300,SUCCESS
Z1068712790,SUCCESS
Z9178496295,SUCCESS
Z9946774711,SUCCESS
Z9753457615,SUCCESS
Z3898809871,SUCCESS
Z3999758537,SUCCESS
Z7330219475,SUCCESS
Z4378843095,SUCCESS
Z9397463652,SUCCESS
Z2040559585,SUCCESS
Z9118197214,SUCCESS
Z8789141767,SUCCESS
Z3254488367,SUCCESS
Z7839431616,SUCCESS
Z9143889116,SUCCESS
Z8789281330,SUCCESS
Z8396403910,SUCCESS
Z4024789376,SUCCESS
Z8533347510,SUCCESS
Z5439421565,SUCCESS
Z2385707963,SUCCESS
Z8984259266,SUCCESS
Z9120720154,SUCCESS
Z9946774737,SUCCESS
Z9656925469,SUCCESS
Z9466030771,SUCCESS
Z7133964157,SUCCESS
Z4067898455,SUCCESS
Z6615018242,SUCCESS
Z9385069590,SUCCESS
Z9919093453,SUCCESS
Z9887632488,SUCCESS
Z9751675088,SUCCESS
Z3774387319,SUCCESS
Z8405686183,SUCCESS
Z6739894549,SUCCESS
Z3079442236,SUCCESS
Z6301491830,SUCCESS
Z3253747029,SUCCESS
Z3790782422,SUCCESS
Z2643107347,SUCCESS
Z8611270386,SUCCESS
Z6741352595,SUCCESS
Z8789141848,SUCCESS
Z1444776025,SUCCESS
Z4025501213,SUCCESS
Z7692897868,SUCCESS
Z8426801206,SUCCESS
Z2581568681,SUCCESS
Z9667173430,SUCCESS
Z9553515265,SUCCESS
Z5263051993,SUCCESS
Z2272709861,SUCCESS
Z7666623208,SUCCESS
Z1527400914,SUCCESS
Z1165337685,SUCCESS
Z9040806518,SUCCESS
Z2023247750,SUCCESS
Z9680064908,SUCCESS
Z3339814882,SUCCESS
Z9327719912,SUCCESS
Z2581568681,SUCCESS
Z8083285547,SUCCESS
Z9751675088,SUCCESS
Z9069637779,SUCCESS
Z9040806518,SUCCESS
Z9675273883,SUCCESS
Z9005865849,SUCCESS
Z3253747029,SUCCESS
Z8976846974,SUCCESS
Z3579251358,SUCCESS
Z8999110484,SUCCESS
Z1340437283,SUCCESS
Z1869817531,SUCCESS
Z9731017565,SUCCESS
Z8796798225,SUCCESS
Z1603621215,SUCCESS
Z8405392532,SUCCESS
Z7759819237,SUCCESS
Z9805147332,SUCCESS
Z9314607789,SUCCESS
Z298643070,SUCCESS
Z8281756657,SUCCESS
Z1865958355,SUCCESS
Z6739532963,SUCCESS
Z8233051085,SUCCESS
Z9219638000,SUCCESS
Z9312349079,SUCCESS
Z2890537508,SUCCESS
Z4378885576,SUCCESS
Z1789573391,SUCCESS
Z8594889374,SUCCESS
Z3560308112,SUCCESS
Z9822138888,SUCCESS
Z9049962110,SUCCESS
Z8489285137,SUCCESS
Z4084833644,SUCCESS
Z9299047270,SUCCESS
Z200651050,SUCCESS
Z4378886613,SUCCESS
Z3346990930,SUCCESS
Z9619187569,SUCCESS
Z8767297779,SUCCESS
Z2743651976,SUCCESS
Z9498100359,SUCCESS
Z8767297779,SUCCESS
Z4084833644,SUCCESS
Z6739532963,SUCCESS
Z804265614,SUCCESS
Z9921805114,SUCCESS
Z1865958355,SUCCESS
Z9731017565,SUCCESS
Z3775956369,SUCCESS
Z7918279715,SUCCESS
Z8771525630,SUCCESS
Z8761955126,SUCCESS
Z9266492644,SUCCESS
Z9393548617,SUCCESS
Z2378676388,SUCCESS
Z9653803716,SUCCESS
Z3629962242,SUCCESS
Z9675273931,SUCCESS
Z3509974086,SUCCESS
Z8928348697,SUCCESS
Z1445184913,SUCCESS
Z397284014,SUCCESS
Z3999753860,SUCCESS
Z2311911777,SUCCESS
Z8610303015,SUCCESS
Z2206333006,SUCCESS
Z2295953860,SUCCESS
Z8625399363,SUCCESS
Z9402929383,SUCCESS
Z9913731807,SUCCESS
Z1445184913,SUCCESS
Z8759863747,SUCCESS
Z4266796060,SUCCESS
Z9609445173,SUCCESS
Z9062001537,SUCCESS
Z6395298716,SUCCESS
Z2608779346,SUCCESS
Z2897592731,SUCCESS
Z5423136895,SUCCESS
Z8405391128,SUCCESS
Z9070635620,SUCCESS
Z8405391128,SUCCESS
Z9325151333,SUCCESS
Z2070337726,SUCCESS
Z8869603794,SUCCESS
Z9072998123,SUCCESS
Z9323382335,SUCCESS
Z9660102389,SUCCESS
Z1352419148,SUCCESS
Z9592014824,SUCCESS
Z7679232835,SUCCESS
Z1974312303,SUCCESS
Z3516604215,SUCCESS
Z9061996830,SUCCESS
Z1663374907,SUCCESS
Z2222803856,SUCCESS
Z4208309412,SUCCESS
Z9898427733,SUCCESS
Z8233139644,SUCCESS
Z8824244868,SUCCESS
Z3255956301,SUCCESS
Z7160993229,SUCCESS
Z9349173634,SUCCESS
Z749826568,SUCCESS
Z7488794904,SUCCESS
Z9101835801,SUCCESS
Z5422933358,SUCCESS
Z8368625328,SUCCESS
Z8571459674,SUCCESS
Z9588615034,SUCCESS
Z9325151333,SUCCESS
Z6034364214,SUCCESS
Z9852021694,SUCCESS
Z9061902146,SUCCESS
Z1449150932,SUCCESS
Z9178427438,SUCCESS
Z8789258801,SUCCESS
Z7672552760,SUCCESS
Z4573683570,SUCCESS
Z1957207068,SUCCESS
Z232619016,SUCCESS
Z9492559808,SUCCESS
Z1094016614,SUCCESS
Z1926856195,SUCCESS
Z8343292417,SUCCESS
Z9492526346,SUCCESS
Z1815616967,SUCCESS
Z7154981299,SUCCESS
Z4448075957,SUCCESS
Z4009213528,SUCCESS
Z9588716936,SUCCESS
Z8680042227,SUCCESS
Z6749079223,SUCCESS
Z9048054762,SUCCESS
Z1762652300,SUCCESS
Z9852025839,SUCCESS
Z3893231949,SUCCESS
Z6739444058,SUCCESS
Z9266195101,SUCCESS
Z8789282448,SUCCESS
Z9315085272,SUCCESS
Z6395294913,SUCCESS
Z9476208686,SUCCESS
Z9359784472,SUCCESS
Z9588663539,SUCCESS
Z1869593241,SUCCESS
Z5336346015,SUCCESS
Z3550916018,SUCCESS
Z1762660484,SUCCESS
Z3289031897,SUCCESS
Z9573615857,SUCCESS
Z6739503538,SUCCESS
Z2973567507,SUCCESS
Z1272458096,SUCCESS
Z9653745771,SUCCESS
Z1510269015,SUCCESS
Z9257292725,SUCCESS
Z8049515709,SUCCESS
Z9597229009,SUCCESS
Z5615126737,SUCCESS
Z5336346015,SUCCESS
Z9124287551,SUCCESS
Z276700868,SUCCESS
Z9599415513,SUCCESS
Z9731017542,SUCCESS
Z435623680,SUCCESS
Z1785665123,SUCCESS
Z7611610365,SUCCESS
Z3600619236,SUCCESS
Z9272814663,SUCCESS
Z2218992050,SUCCESS
Z9371800210,SUCCESS
Z4984025493,SUCCESS
Z9670652689,SUCCESS
Z5016914794,SUCCESS
Z802815612,SUCCESS
Z1445417019,SUCCESS
Z1785643160,SUCCESS
Z1726206419,SUCCESS
Z9794998096,SUCCESS
Z2798598262,SUCCESS
Z3805352211,SUCCESS
Z8641037190,SUCCESS
Z1265097478,SUCCESS
Z3652132140,SUCCESS
Z4510232647,SUCCESS
Z9311586352,SUCCESS
Z9193183583,SUCCESS
Z3325216201,SUCCESS
Z8976177010,SUCCESS
Z3652132140,SUCCESS
Z9506563754,SUCCESS
Z1991855032,SUCCESS
Z4378838824,SUCCESS
Z1312765202,SUCCESS
Z9989068606,SUCCESS
Z3351844146,SUCCESS
Z8625397458,SUCCESS
Z9062067698,SUCCESS
Z7611610365,SUCCESS
Z7158425861,SUCCESS
Z2087684875,SUCCESS
Z9128832270,SUCCESS
Z321285112,SUCCESS
Z9178496021,SUCCESS
Z9919089332,SUCCESS
Z8314275294,SUCCESS
Z1365727278,SUCCESS
Z9819325304,SUCCESS
Z9744990572,SUCCESS
Z1273664886,SUCCESS
Z5336331015,SUCCESS
Z1360300164,SUCCESS
Z2019273984,SUCCESS
Z4762245385,SUCCESS
Z8999149353,SUCCESS
Z1603621981,SUCCESS
Z9348870173,SUCCESS
Z8316448213,SUCCESS
Z8377322148,SUCCESS
Z6742196907,SUCCESS
Z6742196907,SUCCESS
Z2217842809,SUCCESS
Z9299029688,SUCCESS
Z9061998362,SUCCESS
Z8105731705,SUCCESS
Z2217842809,SUCCESS
Z3893159977,SUCCESS
Z7990597447,SUCCESS
Z4929773906,SUCCESS
Z2784696146,SUCCESS
Z332677674,SUCCESS
Z8610304808,SUCCESS
Z9680623751,SUCCESS
Z9458185237,SUCCESS
Z6739647282,SUCCESS
Z4456464245,SUCCESS
Z8695458973,SUCCESS
Z8504205800,SUCCESS
Z5865376206,SUCCESS
Z9913731332,SUCCESS
Z9358992109,SUCCESS
Z6739868988,SUCCESS
Z7081068795,SUCCESS
Z8920729805,SUCCESS
Z9579719656,SUCCESS
Z6739755871,SUCCESS
Z3292377525,SUCCESS
Z1465751115,SUCCESS
Z9751661326,SUCCESS
Z8424106417,SUCCESS
Z3860341748,SUCCESS
Z9913731332,SUCCESS
Z9402847187,SUCCESS
Z9241052974,SUCCESS
Z8644262689,SUCCESS
Z449734258,SUCCESS
Z983261344,SUCCESS
Z3247436370,SUCCESS
Z9402847187,SUCCESS
Z8828702828,SUCCESS
Z3774988734,SUCCESS
Z3256641231,SUCCESS
Z445584032,SUCCESS
Z5217992530,SUCCESS
Z3290973385,SUCCESS
Z6781214621,SUCCESS
Z8822821853,SUCCESS
Z9339545550,SUCCESS
Z3497022183,SUCCESS
Z8944758467,SUCCESS
Z9061825115,SUCCESS
Z3256503619,SUCCESS
Z9680031274,SUCCESS
Z9196155688,SUCCESS
Z9922826969,SUCCESS
Z9159452000,SUCCESS
Z3839497030,SUCCESS
Z4341365167,SUCCESS
Z9397484344,SUCCESS
Z8881777552,SUCCESS
Z6093702507,SUCCESS
Z3290975685,SUCCESS
Z4024865922,SUCCESS
Z422455934,SUCCESS
Z7453375630,SUCCESS
Z9061825115,SUCCESS
Z9061825115,SUCCESS
Z9061387652,SUCCESS
Z9913734448,SUCCESS
Z2903502774,SUCCESS
Z1893438450,SUCCESS
Z7631868842,SUCCESS
Z1742911324,SUCCESS
Z6781265518,SUCCESS
Z1203195690,SUCCESS
Z1203195690,SUCCESS
Z4373471192,SUCCESS
Z3290975685,SUCCESS
Z9153386417,SUCCESS
Z1580976829,SUCCESS
Z9377785752,SUCCESS
Z9160471347,SUCCESS
Z6309561259,SUCCESS
Z1595331084,SUCCESS
Z9062078914,SUCCESS
Z4008399520,SUCCESS
Z8795960107,SUCCESS
Z9046588550,SUCCESS
Z6472210639,SUCCESS
Z8789589311,SUCCESS
Z3510152401,SUCCESS
Z5865374707,SUCCESS
Z9573397262,SUCCESS
Z6739562775,SUCCESS
Z9606261173,SUCCESS
Z7974720972,SUCCESS
Z3009880903,SUCCESS
Z8506164177,SUCCESS
Z4270805764,SUCCESS
Z9149173053,SUCCESS
Z6961991175,SUCCESS
Z9667173598,SUCCESS
Z8802619559,SUCCESS
Z9586336985,SUCCESS
Z6877339048,SUCCESS
Z1921522908,SUCCESS
Z6615016647,SUCCESS
Z423332164,SUCCESS
Z9586336985,SUCCESS
Z1762941489,SUCCESS
Z5414952476,SUCCESS
Z8975653341,SUCCESS
Z5775617419,SUCCESS
Z3256652337,SUCCESS
Z9106774363,SUCCESS
Z9192029689,SUCCESS
Z9666060068,SUCCESS
Z9393099849,SUCCESS
Z9466035959,SUCCESS
Z6739914133,SUCCESS
Z9485264426,SUCCESS
Z1097144490,SUCCESS
Z9979841479,SUCCESS
Z9600298808,SUCCESS
Z9418568754,SUCCESS
Z9755999758,SUCCESS
Z8878872494,SUCCESS
Z9357166075,SUCCESS
Z9990955253,SUCCESS
Z9680546693,SUCCESS
Z8254738292,SUCCESS
Z1715858026,SUCCESS
Z9066954598,SUCCESS
Z5523074293,SUCCESS
Z804774142,SUCCESS
Z2139142372,SUCCESS
Z9938915423,SUCCESS
Z9066954598,SUCCESS
Z4415114676,SUCCESS
Z3634662931,SUCCESS
Z85877590,SUCCESS
Z2982135696,SUCCESS
Z9385098748,SUCCESS
Z6739483011,SUCCESS
Z803713844,SUCCESS
Z6298767627,SUCCESS
Z7672538000,SUCCESS
Z1609474109,SUCCESS
Z2491710516,SUCCESS
Z9070251801,SUCCESS
Z2491710516,SUCCESS
Z1715858026,SUCCESS
Z9418568754,SUCCESS
Z7612939416,SUCCESS
Z929729138,SUCCESS
Z9235250817,SUCCESS
Z1996830117,SUCCESS
Z1715858026,SUCCESS
Z3395272780,SUCCESS
Z281058364,SUCCESS
Z9094569560,SUCCESS
Z3347622936,SUCCESS
Z4028420654,SUCCESS
Z2982135696,SUCCESS
Z9234062643,SUCCESS
Z9500599856,SUCCESS
Z4387834893,SUCCESS
Z1097144490,SUCCESS
Z7143909376,SUCCESS
Z85877590,SUCCESS
Z425874058,SUCCESS
Z4378877047,SUCCESS
Z8791763630,SUCCESS
Z2378677989,SUCCESS
Z1364312505,SUCCESS
Z9325151071,SUCCESS
Z9090936270,SUCCESS
Z9675273910,SUCCESS
Z3494952032,SUCCESS
Z1461001769,SUCCESS
Z7274222673,SUCCESS
Z5591866225,SUCCESS
Z2100918536,SUCCESS
Z929476320,SUCCESS
Z4390477228,SUCCESS
Z736708368,SUCCESS
Z3777426236,SUCCESS
Z929476320,SUCCESS
Z1121655574,SUCCESS
Z3647099091,SUCCESS
Z3342901008,SUCCESS
Z9193183128,SUCCESS
Z6739947954,SUCCESS
Z7215042506,SUCCESS
Z6739947954,SUCCESS
Z5284794341,SUCCESS
Z978846618,SUCCESS
Z8843317406,SUCCESS
Z9670271357,SUCCESS
Z4378793022,SUCCESS
Z8812111453,SUCCESS
Z9388952013,SUCCESS
Z1563951155,SUCCESS
Z7979740460,SUCCESS
Z9823253852,SUCCESS
Z6404515627,SUCCESS
Z9518450766,SUCCESS
Z9192033578,SUCCESS
Z9186278994,SUCCESS
Z1961002876,SUCCESS
Z2100918536,SUCCESS
Z8883273752,SUCCESS
Z3654454313,SUCCESS
Z9109933480,FAILED: RDKit could not parse SMILES.
Z9040551041,FAILED: RDKit could not parse SMILES.
